"term","coef","is_year"
"dude",0.21374769830498,FALSE
"bullshit",0.129689004899351,FALSE
"thread",0.12941650905629,FALSE
"years.ago",0.127935979098508,TRUE
"stated",0.0854852243200701,FALSE
"admit",0.0661965566311638,FALSE
"respond",0.0422219649244061,FALSE
"cmv",0.0263401403200721,FALSE
"comments",0.0192675584401728,FALSE
"ridiculous",0.00289625557825685,FALSE
